z,snap,model,logM_lo,logM_hi,N,N_disc,f_disc,plotted
0.5,67,CDM,9.6928,9.8928,108,80,0.7407,1
0.5,67,CDM,9.8928,10.0928,105,90,0.8571,1
0.5,67,CDM,10.0928,10.2928,90,81,0.9000,1
0.5,67,CDM,10.2928,10.4928,70,62,0.8857,1
0.5,67,CDM,10.4928,10.6928,59,52,0.8814,1
0.5,67,CDM,10.6928,10.8928,67,56,0.8358,1
0.5,67,CDM,10.8928,11.0928,34,26,0.7647,1
0.5,67,CDM,11.0928,11.2928,16,6,0.3750,1
0.5,67,CDM,11.2928,11.4928,11,5,0.4545,1
0.5,67,CDM,11.4928,11.6928,6,2,0.3333,1
0.5,67,CDM,11.6928,11.8928,3,0,0.0000,0
0.5,67,CDM,11.8928,12.0928,2,0,0.0000,0
0.5,67,SIDM1,9.6928,9.8928,122,106,0.8689,1
0.5,67,SIDM1,9.8928,10.0928,131,111,0.8473,1
0.5,67,SIDM1,10.0928,10.2928,96,88,0.9167,1
0.5,67,SIDM1,10.2928,10.4928,76,69,0.9079,1
0.5,67,SIDM1,10.4928,10.6928,63,53,0.8413,1
0.5,67,SIDM1,10.6928,10.8928,61,46,0.7541,1
0.5,67,SIDM1,10.8928,11.0928,36,18,0.5000,1
0.5,67,SIDM1,11.0928,11.2928,17,7,0.4118,1
0.5,67,SIDM1,11.2928,11.4928,12,4,0.3333,1
0.5,67,SIDM1,11.4928,11.6928,7,1,0.1429,1
0.5,67,SIDM1,11.6928,11.8928,1,0,0.0000,0
0.5,67,SIDM1,11.8928,12.0928,2,0,0.0000,0
0.5,67,vSIDM,9.6928,9.8928,127,94,0.7402,1
0.5,67,vSIDM,9.8928,10.0928,100,88,0.8800,1
0.5,67,vSIDM,10.0928,10.2928,98,88,0.8980,1
0.5,67,vSIDM,10.2928,10.4928,60,56,0.9333,1
0.5,67,vSIDM,10.4928,10.6928,62,56,0.9032,1
0.5,67,vSIDM,10.6928,10.8928,57,45,0.7895,1
0.5,67,vSIDM,10.8928,11.0928,34,21,0.6176,1
0.5,67,vSIDM,11.0928,11.2928,20,10,0.5000,1
0.5,67,vSIDM,11.2928,11.4928,10,1,0.1000,1
0.5,67,vSIDM,11.4928,11.6928,7,2,0.2857,1
0.5,67,vSIDM,11.6928,11.8928,2,0,0.0000,0
0.5,67,vSIDM,11.8928,12.0928,2,0,0.0000,0
1,50,CDM,9.7051,9.9051,92,70,0.7609,1
1,50,CDM,9.9051,10.1051,100,84,0.8400,1
1,50,CDM,10.1051,10.3051,87,78,0.8966,1
1,50,CDM,10.3051,10.5051,69,67,0.9710,1
1,50,CDM,10.5051,10.7051,62,60,0.9677,1
1,50,CDM,10.7051,10.9051,40,34,0.8500,1
1,50,CDM,10.9051,11.1051,33,23,0.6970,1
1,50,CDM,11.1051,11.3051,10,3,0.3000,1
1,50,CDM,11.3051,11.5051,6,5,0.8333,1
1,50,CDM,11.5051,11.7051,3,1,0.3333,0
1,50,CDM,11.7051,11.9051,3,0,0.0000,0
1,50,CDM,11.9051,12.1051,1,0,0.0000,0
1,50,SIDM1,9.7051,9.9051,130,109,0.8385,1
1,50,SIDM1,9.9051,10.1051,98,88,0.8980,1
1,50,SIDM1,10.1051,10.3051,101,94,0.9307,1
1,50,SIDM1,10.3051,10.5051,72,65,0.9028,1
1,50,SIDM1,10.5051,10.7051,64,59,0.9219,1
1,50,SIDM1,10.7051,10.9051,48,35,0.7292,1
1,50,SIDM1,10.9051,11.1051,29,19,0.6552,1
1,50,SIDM1,11.1051,11.3051,9,3,0.3333,1
1,50,SIDM1,11.3051,11.5051,7,3,0.4286,1
1,50,SIDM1,11.5051,11.7051,2,1,0.5000,0
1,50,SIDM1,11.7051,11.9051,3,0,0.0000,0
1,50,SIDM1,11.9051,12.1051,1,1,1.0000,0
1,50,vSIDM,9.7051,9.9051,115,95,0.8261,1
1,50,vSIDM,9.9051,10.1051,98,87,0.8878,1
1,50,vSIDM,10.1051,10.3051,84,73,0.8690,1
1,50,vSIDM,10.3051,10.5051,70,66,0.9429,1
1,50,vSIDM,10.5051,10.7051,57,53,0.9298,1
1,50,vSIDM,10.7051,10.9051,44,34,0.7727,1
1,50,vSIDM,10.9051,11.1051,29,21,0.7241,1
1,50,vSIDM,11.1051,11.3051,11,3,0.2727,1
1,50,vSIDM,11.3051,11.5051,5,4,0.8000,1
1,50,vSIDM,11.5051,11.7051,3,1,0.3333,0
1,50,vSIDM,11.7051,11.9051,3,0,0.0000,0
1,50,vSIDM,11.9051,12.1051,1,0,0.0000,0
2,33,CDM,9.7327,9.9327,86,59,0.6860,1
2,33,CDM,9.9327,10.1327,71,57,0.8028,1
2,33,CDM,10.1327,10.3327,59,52,0.8814,1
2,33,CDM,10.3327,10.5327,51,45,0.8824,1
2,33,CDM,10.5327,10.7327,28,21,0.7500,1
2,33,CDM,10.7327,10.9327,16,15,0.9375,1
2,33,CDM,10.9327,11.1327,8,5,0.6250,1
2,33,CDM,11.1327,11.3327,6,3,0.5000,1
2,33,CDM,11.3327,11.5327,3,2,0.6667,0
2,33,CDM,11.5327,11.7327,1,0,0.0000,0
2,33,SIDM1,9.7327,9.9327,96,77,0.8021,1
2,33,SIDM1,9.9327,10.1327,89,78,0.8764,1
2,33,SIDM1,10.1327,10.3327,65,57,0.8769,1
2,33,SIDM1,10.3327,10.5327,50,46,0.9200,1
2,33,SIDM1,10.5327,10.7327,33,28,0.8485,1
2,33,SIDM1,10.7327,10.9327,19,16,0.8421,1
2,33,SIDM1,10.9327,11.1327,8,6,0.7500,1
2,33,SIDM1,11.1327,11.3327,7,3,0.4286,1
2,33,SIDM1,11.3327,11.5327,3,1,0.3333,0
2,33,SIDM1,11.5327,11.7327,1,0,0.0000,0
2,33,vSIDM,9.7327,9.9327,99,81,0.8182,1
2,33,vSIDM,9.9327,10.1327,65,56,0.8615,1
2,33,vSIDM,10.1327,10.3327,66,59,0.8939,1
2,33,vSIDM,10.3327,10.5327,48,43,0.8958,1
2,33,vSIDM,10.5327,10.7327,31,26,0.8387,1
2,33,vSIDM,10.7327,10.9327,11,10,0.9091,1
2,33,vSIDM,10.9327,11.1327,8,4,0.5000,1
2,33,vSIDM,11.1327,11.3327,6,3,0.5000,1
2,33,vSIDM,11.3327,11.5327,3,1,0.3333,0
2,33,vSIDM,11.5327,11.7327,1,0,0.0000,0
3,25,CDM,9.7606,9.9606,59,45,0.7627,1
3,25,CDM,9.9606,10.1606,32,23,0.7188,1
3,25,CDM,10.1606,10.3606,22,16,0.7273,1
3,25,CDM,10.3606,10.5606,20,17,0.8500,1
3,25,CDM,10.5606,10.7606,13,11,0.8462,1
3,25,CDM,10.7606,10.9606,7,7,1.0000,1
3,25,CDM,10.9606,11.1606,2,0,0.0000,0
3,25,CDM,11.1606,11.3606,3,3,1.0000,0
3,25,CDM,11.3606,11.5606,0,0,nan,0
3,25,SIDM1,9.7606,9.9606,57,42,0.7368,1
3,25,SIDM1,9.9606,10.1606,50,43,0.8600,1
3,25,SIDM1,10.1606,10.3606,22,18,0.8182,1
3,25,SIDM1,10.3606,10.5606,20,15,0.7500,1
3,25,SIDM1,10.5606,10.7606,14,11,0.7857,1
3,25,SIDM1,10.7606,10.9606,8,5,0.6250,1
3,25,SIDM1,10.9606,11.1606,3,2,0.6667,0
3,25,SIDM1,11.1606,11.3606,2,2,1.0000,0
3,25,SIDM1,11.3606,11.5606,1,1,1.0000,0
3,25,vSIDM,9.7606,9.9606,56,40,0.7143,1
3,25,vSIDM,9.9606,10.1606,32,25,0.7812,1
3,25,vSIDM,10.1606,10.3606,21,18,0.8571,1
3,25,vSIDM,10.3606,10.5606,20,15,0.7500,1
3,25,vSIDM,10.5606,10.7606,11,8,0.7273,1
3,25,vSIDM,10.7606,10.9606,8,6,0.7500,1
3,25,vSIDM,10.9606,11.1606,2,1,0.5000,0
3,25,vSIDM,11.1606,11.3606,2,2,1.0000,0
3,25,vSIDM,11.3606,11.5606,1,1,1.0000,0
4,21,CDM,9.7757,10.0448,24,5,0.2083,1
4,21,CDM,10.0448,10.3139,16,9,0.5625,1
4,21,CDM,10.3139,10.5830,8,5,0.6250,1
4,21,CDM,10.5830,10.8521,5,2,0.4000,1
4,21,CDM,10.8521,11.1212,4,2,0.5000,0
4,21,SIDM1,9.7757,10.0448,24,11,0.4583,1
4,21,SIDM1,10.0448,10.3139,21,13,0.6190,1
4,21,SIDM1,10.3139,10.5830,6,4,0.6667,1
4,21,SIDM1,10.5830,10.8521,5,3,0.6000,1
4,21,SIDM1,10.8521,11.1212,5,2,0.4000,1
4,21,vSIDM,9.7757,10.0448,22,6,0.2727,1
4,21,vSIDM,10.0448,10.3139,16,12,0.7500,1
4,21,vSIDM,10.3139,10.5830,6,4,0.6667,1
4,21,vSIDM,10.5830,10.8521,6,2,0.3333,1
4,21,vSIDM,10.8521,11.1212,4,0,0.0000,0
5,17,CDM,9.8038,10.3604,16,1,0.0625,1
5,17,CDM,10.3604,10.9171,6,0,0.0000,1
5,17,SIDM1,9.8038,10.3604,19,2,0.1053,1
5,17,SIDM1,10.3604,10.9171,5,2,0.4000,1
5,17,vSIDM,9.8038,10.3604,17,2,0.1176,1
5,17,vSIDM,10.3604,10.9171,6,1,0.1667,1
